<?xml version="1.0" encoding="UTF-8"?>
<project xmlns="http://maven.apache.org/POM/4.0.0" xmlns:xsi="http://www.w3.org/2001/XMLSchema-instance" xsi:schemaLocation="http://maven.apache.org/POM/4.0.0 http://maven.apache.org/maven-v4_0_0.xsd">
  <modelVersion>4.0.0</modelVersion>
  <groupId>com.github.bthink-bgu</groupId>
  <artifactId>BPjs</artifactId>
  <name>BPjs</name>
  <version>0.9.2</version>
  <description>Provides a runtime for behavioral programs written in Javascript. It can 
        run stand-alone (from the commmandline) or be embedded in larger 
        JVM-based systems.</description>
  <url>https://github.com/bThink-BGU/</url>
  <developers>
    <developer>
      <name>Michael Bar-Sinai</name>
      <email>m@mbarsinai.com</email>
      <organization>Ben-Gurion University of the Negev</organization>
      <organizationUrl>http://cs.bgu.ac.il</organizationUrl>
    </developer>
  </developers>
  <licenses>
    <license>
      <name>MIT License</name>
      <url>http://www.opensource.org/licenses/mit-license.php</url>
    </license>
  </licenses>
  <scm>
    <connection>scm:git:git://github.com/bThink-BGU/BPjs.git</connection>
    <developerConnection>scm:git:ssh://github.com:bThink-BGU/BPjs.git</developerConnection>
    <url>https://github.com/bThink-BGU/BPjs/tree/master</url>
  </scm>
  <build>
    <plugins>
      <plugin>
        <artifactId>maven-compiler-plugin</artifactId>
        <version>3.1</version>
        <configuration>
          <source>${java.version}</source>
          <target>${java.version}</target>
        </configuration>
      </plugin>
      <plugin>
        <groupId>org.eluder.coveralls</groupId>
        <artifactId>coveralls-maven-plugin</artifactId>
        <version>4.3.0</version>
      </plugin>
      <plugin>
        <groupId>org.jacoco</groupId>
        <artifactId>jacoco-maven-plugin</artifactId>
        <version>0.7.6.201602180812</version>
        <executions>
          <execution>
            <id>prepare-agent</id>
            <goals>
              <goal>prepare-agent</goal>
            </goals>
          </execution>
        </executions>
      </plugin>
      <plugin>
        <artifactId>maven-jar-plugin</artifactId>
        <version>2.6</version>
        <configuration>
          <archive>
            <manifest>
              <mainClass>il.ac.bgu.cs.bp.bpjs.mains.BPJsCliRunner</mainClass>
            </manifest>
          </archive>
        </configuration>
      </plugin>
    </plugins>
  </build>
  <profiles>
    <profile>
      <id>uber-jar</id>
      <build>
        <finalName>BPjs-${project.version}.uber</finalName>
        <plugins>
          <plugin>
            <artifactId>maven-shade-plugin</artifactId>
            <version>2.4.1</version>
            <executions>
              <execution>
                <phase>package</phase>
                <goals>
                  <goal>shade</goal>
                </goals>
                <configuration>
                  <transformers>
                    <transformer />
                  </transformers>
                </configuration>
              </execution>
            </executions>
          </plugin>
        </plugins>
      </build>
    </profile>
    <profile>
      <id>release</id>
      <build>
        <plugins>
          <plugin>
            <groupId>org.sonatype.plugins</groupId>
            <artifactId>nexus-staging-maven-plugin</artifactId>
            <version>1.6.7</version>
            <extensions>true</extensions>
            <configuration>
              <serverId>ossrh</serverId>
              <nexusUrl>https://oss.sonatype.org/</nexusUrl>
              <autoReleaseAfterClose>true</autoReleaseAfterClose>
            </configuration>
          </plugin>
          <plugin>
            <artifactId>maven-source-plugin</artifactId>
            <version>2.4</version>
            <executions>
              <execution>
                <id>attach-sources</id>
                <goals>
                  <goal>jar-no-fork</goal>
                </goals>
              </execution>
            </executions>
          </plugin>
          <plugin>
            <artifactId>maven-javadoc-plugin</artifactId>
            <version>2.10.4</version>
            <executions>
              <execution>
                <id>attach-javadocs</id>
                <goals>
                  <goal>jar</goal>
                </goals>
              </execution>
            </executions>
          </plugin>
          <plugin>
            <artifactId>maven-gpg-plugin</artifactId>
            <version>1.6</version>
            <executions>
              <execution>
                <id>sign-artifacts</id>
                <phase>verify</phase>
                <goals>
                  <goal>sign</goal>
                </goals>
              </execution>
            </executions>
          </plugin>
        </plugins>
      </build>
    </profile>
  </profiles>
  <dependencies>
    <dependency>
      <groupId>junit</groupId>
      <artifactId>junit</artifactId>
      <version>4.11</version>
      <scope>test</scope>
    </dependency>
    <dependency>
      <groupId>org.hamcrest</groupId>
      <artifactId>hamcrest-core</artifactId>
      <version>1.3</version>
      <scope>test</scope>
    </dependency>
    <dependency>
      <groupId>org.seleniumhq.selenium</groupId>
      <artifactId>selenium-java</artifactId>
      <version>2.44.0</version>
      <scope>test</scope>
      <exclusions>
        <exclusion>
          <artifactId>selenium-chrome-driver</artifactId>
          <groupId>org.seleniumhq.selenium</groupId>
        </exclusion>
        <exclusion>
          <artifactId>selenium-htmlunit-driver</artifactId>
          <groupId>org.seleniumhq.selenium</groupId>
        </exclusion>
        <exclusion>
          <artifactId>selenium-firefox-driver</artifactId>
          <groupId>org.seleniumhq.selenium</groupId>
        </exclusion>
        <exclusion>
          <artifactId>selenium-ie-driver</artifactId>
          <groupId>org.seleniumhq.selenium</groupId>
        </exclusion>
        <exclusion>
          <artifactId>selenium-safari-driver</artifactId>
          <groupId>org.seleniumhq.selenium</groupId>
        </exclusion>
        <exclusion>
          <artifactId>selenium-support</artifactId>
          <groupId>org.seleniumhq.selenium</groupId>
        </exclusion>
        <exclusion>
          <artifactId>webbit</artifactId>
          <groupId>org.webbitserver</groupId>
        </exclusion>
      </exclusions>
    </dependency>
    <dependency>
      <groupId>org.apache.commons</groupId>
      <artifactId>commons-csv</artifactId>
      <version>1.5</version>
      <scope>test</scope>
    </dependency>
    <dependency>
      <groupId>com.opera</groupId>
      <artifactId>operadriver</artifactId>
      <version>1.5</version>
      <scope>test</scope>
      <exclusions>
        <exclusion>
          <artifactId>selenium-remote-driver</artifactId>
          <groupId>org.seleniumhq.selenium</groupId>
        </exclusion>
        <exclusion>
          <artifactId>operalaunchers</artifactId>
          <groupId>com.opera</groupId>
        </exclusion>
        <exclusion>
          <artifactId>protobuf-java</artifactId>
          <groupId>com.google.protobuf</groupId>
        </exclusion>
        <exclusion>
          <artifactId>guava</artifactId>
          <groupId>com.google.guava</groupId>
        </exclusion>
        <exclusion>
          <artifactId>commons-jxpath</artifactId>
          <groupId>commons-jxpath</groupId>
        </exclusion>
        <exclusion>
          <artifactId>commons-exec</artifactId>
          <groupId>org.apache.commons</groupId>
        </exclusion>
        <exclusion>
          <artifactId>ini4j</artifactId>
          <groupId>org.ini4j</groupId>
        </exclusion>
      </exclusions>
    </dependency>
  </dependencies>
  <distributionManagement>
    <repository>
      <id>ossrh</id>
      <url>https://oss.sonatype.org/service/local/staging/deploy/maven2/</url>
    </repository>
    <snapshotRepository>
      <id>ossrh</id>
      <url>https://oss.sonatype.org/content/repositories/snapshots</url>
    </snapshotRepository>
  </distributionManagement>
  <properties>
    <java.version>1.8</java.version>
    <project.build.sourceEncoding>UTF-8</project.build.sourceEncoding>
  </properties>
</project>

