<?xml version="1.0" encoding="UTF-8"?>
<actions>
        <action>
            <actionName>run</actionName>
            <packagings>
                <packaging>jar</packaging>
            </packagings>
            <goals>
                <goal>process-classes</goal>
                <goal>org.codehaus.mojo:exec-maven-plugin:1.2.1:exec</goal>
            </goals>
            <properties>
                <exec.args>-classpath %classpath il.ac.bgu.cs.bp.bpjs.mains.RunFile -v NamedArgsHotNCold.js</exec.args>
                <exec.executable>java</exec.executable>
                <exec.workingdir>/Users/michael/Documents/PhD/Thesis/code/bThink-BGU/BPjs/src/test/resources</exec.workingdir>
            </properties>
        </action>
        <action>
            <actionName>debug</actionName>
            <packagings>
                <packaging>jar</packaging>
            </packagings>
            <goals>
                <goal>process-classes</goal>
                <goal>org.codehaus.mojo:exec-maven-plugin:1.2.1:exec</goal>
            </goals>
            <properties>
                <exec.args>-Xdebug -Xrunjdwp:transport=dt_socket,server=n,address=${jpda.address} -classpath %classpath il.ac.bgu.cs.bp.bpjs.mains.RunFile -v NamedArgsHotNCold.js</exec.args>
                <exec.executable>java</exec.executable>
                <jpda.listen>true</jpda.listen>
                <exec.workingdir>/Users/michael/Documents/PhD/Thesis/code/bThink-BGU/BPjs/src/test/resources</exec.workingdir>
            </properties>
        </action>
        <action>
            <actionName>profile</actionName>
            <packagings>
                <packaging>jar</packaging>
            </packagings>
            <goals>
                <goal>process-classes</goal>
                <goal>org.codehaus.mojo:exec-maven-plugin:1.2.1:exec</goal>
            </goals>
            <properties>
                <exec.args>-classpath %classpath il.ac.bgu.cs.bp.bpjs.mains.RunFile -v NamedArgsHotNCold.js</exec.args>
                <exec.executable>java</exec.executable>
                <exec.workingdir>/Users/michael/Documents/PhD/Thesis/code/bThink-BGU/BPjs/src/test/resources</exec.workingdir>
            </properties>
        </action>
    </actions>
